url,title,depth,links_count,scraped_at
https://alan-allman.com,Accueil | Alan Allman Associates,0,55,2025-11-18T08:22:10.526635
https://alan-allman.com/ecosysteme,Ecosystème | Alan Allman Associates,1,33,2025-11-18T08:22:12.343932
https://alan-allman.com/engagements,Nos engagements | Alan Allman Associates,2,32,2025-11-18T08:22:14.603640
https://alan-allman.com/rise-2025,RISE 2025 | Alan Allman Associates,3,33,2025-11-18T08:22:16.872648
https://alan-allman.com/gouvernances,Gouvernances | Alan Allman Associates,4,30,2025-11-18T08:22:19.202968
https://alan-allman.com/centre-dexcellence,Centre d'excellence | Alan Allman Associates,5,29,2025-11-18T08:22:21.691401
https://alan-allman.com/expertises,Pôles Expertises | Alan Allman Associates,6,28,2025-11-18T08:22:23.922607
https://alan-allman.com/expertises-strategie-management,"Stratégie, Management & Marketing | Alan Allman Associates",6,37,2025-11-18T08:22:26.411046
https://alan-allman.com/expertises-it,High Tech | Alan Allman Associates,6,38,2025-11-18T08:22:28.790919
https://alan-allman.com/fonctions-partenaires,Fonctions partenaires | Alan Allman Associates,6,25,2025-11-18T08:22:31.310329
https://alan-allman.com/partenaires-strategie-developpement,Stratégie de développement | Alan Allman Associates,6,24,2025-11-18T08:22:33.659546
https://alan-allman.com/partenaires-finance,Finance - Partenaires | Alan Allman Associates,6,23,2025-11-18T08:22:35.931521
https://alan-allman.com/partenaires-recrutement-rh,Recrutement et Ressources Humaines | Alan Allman Associates,6,22,2025-11-18T08:22:38.332047
https://alan-allman.com/partenaires-marketing,Marketing | Alan Allman Associates,6,21,2025-11-18T08:22:40.713380
https://alan-allman.com/partenaires-formation,Gestion de carrière | Alan Allman Associates,6,20,2025-11-18T08:22:43.259475
https://alan-allman.com/partenaires-dsi,DSI | Alan Allman Associates,6,19,2025-11-18T08:22:45.791016
https://alan-allman.com/partenaires-juridique,Juridique | Alan Allman Associates,6,18,2025-11-18T08:22:47.660879
https://alan-allman.com/organisation-qualite,Organisation & qualité | Alan Allman Associates,6,24,2025-11-18T08:22:49.873084
https://alan-allman.com/cabinets,Cabinets | Alan Allman Associates,6,34,2025-11-18T08:22:52.069261
https://alan-allman.com/news,Actualités | Alan Allman Associates,6,15,2025-11-18T08:22:53.974931
https://alan-allman.com/nos-actualites,Nos actualités | Alan Allman Associates,6,32,2025-11-18T08:22:56.100469
https://alan-allman.com/information-financiere,Information financière | Alan Allman Associates,6,22,2025-11-18T08:22:58.449798
https://alan-allman.com/talents,Talents | Alan Allman Associates,6,13,2025-11-18T08:23:00.772392
https://alan-allman.com/carriere,Votre carrière chez Alan Allman Associates | Alan Allman Associates,6,11,2025-11-18T08:23:02.975011
https://alan-allman.com/investisseurs,Investisseurs | Alan Allman Associates,6,12,2025-11-18T08:23:05.227324
https://alan-allman.com/assemblee-generale,Assemblée Générale | Alan Allman Associates,6,10,2025-11-18T08:23:07.336160
https://alan-allman.com/calendrier-financier,Calendrier financier | Alan Allman Associates,6,9,2025-11-18T08:23:09.511434
